datetime,zone_id,demand
2024-01-01 00:00:00,zone_0,11
2024-01-01 01:00:00,zone_0,11
2024-01-01 02:00:00,zone_0,13
2024-01-01 03:00:00,zone_0,16
2024-01-01 04:00:00,zone_0,14
2024-01-01 05:00:00,zone_0,14
2024-01-01 06:00:00,zone_0,17
2024-01-01 07:00:00,zone_0,16
2024-01-01 08:00:00,zone_0,14
2024-01-01 09:00:00,zone_0,14
2024-01-01 10:00:00,zone_0,12
2024-01-01 11:00:00,zone_0,11
2024-01-01 12:00:00,zone_0,10
2024-01-01 13:00:00,zone_0,6
2024-01-01 14:00:00,zone_0,5
2024-01-01 15:00:00,zone_0,6
2024-01-01 16:00:00,zone_0,4
2024-01-01 17:00:00,zone_0,6
2024-01-01 18:00:00,zone_0,4
2024-01-01 19:00:00,zone_0,3
2024-01-01 20:00:00,zone_0,8
2024-01-01 21:00:00,zone_0,6
2024-01-01 22:00:00,zone_0,8
2024-01-01 23:00:00,zone_0,7
2024-01-02 00:00:00,zone_0,9
2024-01-02 01:00:00,zone_0,11
2024-01-02 02:00:00,zone_0,11
2024-01-02 03:00:00,zone_0,14
2024-01-02 04:00:00,zone_0,13
2024-01-02 05:00:00,zone_0,14
2024-01-02 06:00:00,zone_0,14
2024-01-02 07:00:00,zone_0,18
2024-01-02 08:00:00,zone_0,14
2024-01-02 09:00:00,zone_0,12
2024-01-02 10:00:00,zone_0,14
2024-01-02 11:00:00,zone_0,9
2024-01-02 12:00:00,zone_0,10
2024-01-02 13:00:00,zone_0,6
2024-01-02 14:00:00,zone_0,6
2024-01-02 15:00:00,zone_0,7
2024-01-02 16:00:00,zone_0,7
2024-01-02 17:00:00,zone_0,5
2024-01-02 18:00:00,zone_0,5
2024-01-02 19:00:00,zone_0,5
2024-01-02 20:00:00,zone_0,3
2024-01-02 21:00:00,zone_0,5
2024-01-02 22:00:00,zone_0,7
2024-01-02 23:00:00,zone_0,10
2024-01-03 00:00:00,zone_0,11
2024-01-03 01:00:00,zone_0,9
2024-01-03 02:00:00,zone_0,13
2024-01-03 03:00:00,zone_0,13
2024-01-03 04:00:00,zone_0,13
2024-01-03 05:00:00,zone_0,16
2024-01-03 06:00:00,zone_0,17
2024-01-03 07:00:00,zone_0,16
2024-01-03 08:00:00,zone_0,13
2024-01-03 09:00:00,zone_0,13
2024-01-03 10:00:00,zone_0,13
2024-01-03 11:00:00,zone_0,13
2024-01-03 12:00:00,zone_0,9
2024-01-03 13:00:00,zone_0,8
2024-01-03 14:00:00,zone_0,6
2024-01-03 15:00:00,zone_0,5
2024-01-03 16:00:00,zone_0,7
2024-01-03 17:00:00,zone_0,7
2024-01-03 18:00:00,zone_0,5
2024-01-03 19:00:00,zone_0,7
2024-01-03 20:00:00,zone_0,6
2024-01-03 21:00:00,zone_0,5
2024-01-03 22:00:00,zone_0,8
2024-01-03 23:00:00,zone_0,11
2024-01-04 00:00:00,zone_0,10
2024-01-04 01:00:00,zone_0,14
2024-01-04 02:00:00,zone_0,9
2024-01-04 03:00:00,zone_0,15
2024-01-04 04:00:00,zone_0,14
2024-01-04 05:00:00,zone_0,14
2024-01-04 06:00:00,zone_0,15
2024-01-04 07:00:00,zone_0,12
2024-01-04 08:00:00,zone_0,14
2024-01-04 09:00:00,zone_0,14
2024-01-04 10:00:00,zone_0,15
2024-01-04 11:00:00,zone_0,11
2024-01-04 12:00:00,zone_0,9
2024-01-04 13:00:00,zone_0,8
2024-01-04 14:00:00,zone_0,9
2024-01-04 15:00:00,zone_0,7
2024-01-04 16:00:00,zone_0,5
2024-01-04 17:00:00,zone_0,6
2024-01-04 18:00:00,zone_0,5
2024-01-04 19:00:00,zone_0,7
2024-01-04 20:00:00,zone_0,5
2024-01-04 21:00:00,zone_0,6
2024-01-04 22:00:00,zone_0,7
2024-01-04 23:00:00,zone_0,7
2024-01-05 00:00:00,zone_0,10
2024-01-05 01:00:00,zone_0,12
2024-01-05 02:00:00,zone_0,13
2024-01-05 03:00:00,zone_0,13
2024-01-05 04:00:00,zone_0,12
2024-01-05 05:00:00,zone_0,14
2024-01-05 06:00:00,zone_0,14
2024-01-05 07:00:00,zone_0,14
2024-01-05 08:00:00,zone_0,14
2024-01-05 09:00:00,zone_0,14
2024-01-05 10:00:00,zone_0,15
2024-01-05 11:00:00,zone_0,12
2024-01-05 12:00:00,zone_0,10
2024-01-05 13:00:00,zone_0,9
2024-01-05 14:00:00,zone_0,5
2024-01-05 15:00:00,zone_0,6
2024-01-05 16:00:00,zone_0,6
2024-01-05 17:00:00,zone_0,9
2024-01-05 18:00:00,zone_0,5
2024-01-05 19:00:00,zone_0,6
2024-01-05 20:00:00,zone_0,6
2024-01-05 21:00:00,zone_0,5
2024-01-05 22:00:00,zone_0,9
2024-01-05 23:00:00,zone_0,10
2024-01-06 00:00:00,zone_0,11
2024-01-06 01:00:00,zone_0,10
2024-01-06 02:00:00,zone_0,15
2024-01-06 03:00:00,zone_0,11
2024-01-06 04:00:00,zone_0,15
2024-01-06 05:00:00,zone_0,18
2024-01-06 06:00:00,zone_0,14
2024-01-06 07:00:00,zone_0,14
2024-01-06 08:00:00,zone_0,14
2024-01-06 09:00:00,zone_0,13
2024-01-06 10:00:00,zone_0,10
2024-01-06 11:00:00,zone_0,11
2024-01-06 12:00:00,zone_0,8
2024-01-06 13:00:00,zone_0,9
2024-01-06 14:00:00,zone_0,6
2024-01-06 15:00:00,zone_0,9
2024-01-06 16:00:00,zone_0,4
2024-01-06 17:00:00,zone_0,5
2024-01-06 18:00:00,zone_0,6
2024-01-06 19:00:00,zone_0,3
2024-01-06 20:00:00,zone_0,6
2024-01-06 21:00:00,zone_0,8
2024-01-06 22:00:00,zone_0,5
2024-01-06 23:00:00,zone_0,9
2024-01-07 00:00:00,zone_0,10
2024-01-07 01:00:00,zone_0,12
2024-01-07 02:00:00,zone_0,11
2024-01-07 03:00:00,zone_0,12
2024-01-07 04:00:00,zone_0,15
2024-01-07 05:00:00,zone_0,15
2024-01-07 06:00:00,zone_0,15
2024-01-07 07:00:00,zone_0,15
2024-01-07 08:00:00,zone_0,13
2024-01-07 09:00:00,zone_0,14
2024-01-07 10:00:00,zone_0,13
2024-01-07 11:00:00,zone_0,10
2024-01-07 12:00:00,zone_0,13
2024-01-07 13:00:00,zone_0,9
2024-01-07 14:00:00,zone_0,6
2024-01-07 15:00:00,zone_0,7
2024-01-07 16:00:00,zone_0,4
2024-01-07 17:00:00,zone_0,6
2024-01-07 18:00:00,zone_0,7
2024-01-07 19:00:00,zone_0,4
2024-01-07 20:00:00,zone_0,7
2024-01-07 21:00:00,zone_0,7
2024-01-07 22:00:00,zone_0,9
2024-01-07 23:00:00,zone_0,12
2024-01-01 00:00:00,zone_1,12
2024-01-01 01:00:00,zone_1,12
2024-01-01 02:00:00,zone_1,13
2024-01-01 03:00:00,zone_1,14
2024-01-01 04:00:00,zone_1,16
2024-01-01 05:00:00,zone_1,17
2024-01-01 06:00:00,zone_1,17
2024-01-01 07:00:00,zone_1,18
2024-01-01 08:00:00,zone_1,16
2024-01-01 09:00:00,zone_1,18
2024-01-01 10:00:00,zone_1,14
2024-01-01 11:00:00,zone_1,17
2024-01-01 12:00:00,zone_1,13
2024-01-01 13:00:00,zone_1,9
2024-01-01 14:00:00,zone_1,8
2024-01-01 15:00:00,zone_1,9
2024-01-01 16:00:00,zone_1,7
2024-01-01 17:00:00,zone_1,8
2024-01-01 18:00:00,zone_1,8
2024-01-01 19:00:00,zone_1,7
2024-01-01 20:00:00,zone_1,6
2024-01-01 21:00:00,zone_1,6
2024-01-01 22:00:00,zone_1,9
2024-01-01 23:00:00,zone_1,12
2024-01-02 00:00:00,zone_1,12
2024-01-02 01:00:00,zone_1,11
2024-01-02 02:00:00,zone_1,15
2024-01-02 03:00:00,zone_1,16
2024-01-02 04:00:00,zone_1,15
2024-01-02 05:00:00,zone_1,17
2024-01-02 06:00:00,zone_1,17
2024-01-02 07:00:00,zone_1,15
2024-01-02 08:00:00,zone_1,17
2024-01-02 09:00:00,zone_1,16
2024-01-02 10:00:00,zone_1,16
2024-01-02 11:00:00,zone_1,15
2024-01-02 12:00:00,zone_1,10
2024-01-02 13:00:00,zone_1,9
2024-01-02 14:00:00,zone_1,10
2024-01-02 15:00:00,zone_1,9
2024-01-02 16:00:00,zone_1,8
2024-01-02 17:00:00,zone_1,13
2024-01-02 18:00:00,zone_1,8
2024-01-02 19:00:00,zone_1,9
2024-01-02 20:00:00,zone_1,9
2024-01-02 21:00:00,zone_1,9
2024-01-02 22:00:00,zone_1,9
2024-01-02 23:00:00,zone_1,12
2024-01-03 00:00:00,zone_1,11
2024-01-03 01:00:00,zone_1,13
2024-01-03 02:00:00,zone_1,14
2024-01-03 03:00:00,zone_1,16
2024-01-03 04:00:00,zone_1,20
2024-01-03 05:00:00,zone_1,14
2024-01-03 06:00:00,zone_1,18
2024-01-03 07:00:00,zone_1,14
2024-01-03 08:00:00,zone_1,16
2024-01-03 09:00:00,zone_1,17
2024-01-03 10:00:00,zone_1,15
2024-01-03 11:00:00,zone_1,12
2024-01-03 12:00:00,zone_1,11
2024-01-03 13:00:00,zone_1,12
2024-01-03 14:00:00,zone_1,8
2024-01-03 15:00:00,zone_1,9
2024-01-03 16:00:00,zone_1,8
2024-01-03 17:00:00,zone_1,6
2024-01-03 18:00:00,zone_1,10
2024-01-03 19:00:00,zone_1,8
2024-01-03 20:00:00,zone_1,5
2024-01-03 21:00:00,zone_1,9
2024-01-03 22:00:00,zone_1,9
2024-01-03 23:00:00,zone_1,12
2024-01-04 00:00:00,zone_1,11
2024-01-04 01:00:00,zone_1,13
2024-01-04 02:00:00,zone_1,15
2024-01-04 03:00:00,zone_1,17
2024-01-04 04:00:00,zone_1,15
2024-01-04 05:00:00,zone_1,16
2024-01-04 06:00:00,zone_1,16
2024-01-04 07:00:00,zone_1,16
2024-01-04 08:00:00,zone_1,19
2024-01-04 09:00:00,zone_1,16
2024-01-04 10:00:00,zone_1,13
2024-01-04 11:00:00,zone_1,15
2024-01-04 12:00:00,zone_1,15
2024-01-04 13:00:00,zone_1,12
2024-01-04 14:00:00,zone_1,7
2024-01-04 15:00:00,zone_1,8
2024-01-04 16:00:00,zone_1,10
2024-01-04 17:00:00,zone_1,6
2024-01-04 18:00:00,zone_1,8
2024-01-04 19:00:00,zone_1,8
2024-01-04 20:00:00,zone_1,6
2024-01-04 21:00:00,zone_1,8
2024-01-04 22:00:00,zone_1,5
2024-01-04 23:00:00,zone_1,9
2024-01-05 00:00:00,zone_1,12
2024-01-05 01:00:00,zone_1,11
2024-01-05 02:00:00,zone_1,17
2024-01-05 03:00:00,zone_1,13
2024-01-05 04:00:00,zone_1,16
2024-01-05 05:00:00,zone_1,17
2024-01-05 06:00:00,zone_1,19
2024-01-05 07:00:00,zone_1,15
2024-01-05 08:00:00,zone_1,18
2024-01-05 09:00:00,zone_1,16
2024-01-05 10:00:00,zone_1,13
2024-01-05 11:00:00,zone_1,14
2024-01-05 12:00:00,zone_1,12
2024-01-05 13:00:00,zone_1,10
2024-01-05 14:00:00,zone_1,10
2024-01-05 15:00:00,zone_1,8
2024-01-05 16:00:00,zone_1,8
2024-01-05 17:00:00,zone_1,8
2024-01-05 18:00:00,zone_1,9
2024-01-05 19:00:00,zone_1,5
2024-01-05 20:00:00,zone_1,11
2024-01-05 21:00:00,zone_1,6
2024-01-05 22:00:00,zone_1,9
2024-01-05 23:00:00,zone_1,12
2024-01-06 00:00:00,zone_1,12
2024-01-06 01:00:00,zone_1,12
2024-01-06 02:00:00,zone_1,14
2024-01-06 03:00:00,zone_1,15
2024-01-06 04:00:00,zone_1,15
2024-01-06 05:00:00,zone_1,18
2024-01-06 06:00:00,zone_1,18
2024-01-06 07:00:00,zone_1,16
2024-01-06 08:00:00,zone_1,18
2024-01-06 09:00:00,zone_1,16
2024-01-06 10:00:00,zone_1,16
2024-01-06 11:00:00,zone_1,14
2024-01-06 12:00:00,zone_1,11
2024-01-06 13:00:00,zone_1,10
2024-01-06 14:00:00,zone_1,11
2024-01-06 15:00:00,zone_1,9
2024-01-06 16:00:00,zone_1,8
2024-01-06 17:00:00,zone_1,7
2024-01-06 18:00:00,zone_1,9
2024-01-06 19:00:00,zone_1,6
2024-01-06 20:00:00,zone_1,8
2024-01-06 21:00:00,zone_1,8
2024-01-06 22:00:00,zone_1,9
2024-01-06 23:00:00,zone_1,12
2024-01-07 00:00:00,zone_1,13
2024-01-07 01:00:00,zone_1,15
2024-01-07 02:00:00,zone_1,16
2024-01-07 03:00:00,zone_1,16
2024-01-07 04:00:00,zone_1,17
2024-01-07 05:00:00,zone_1,16
2024-01-07 06:00:00,zone_1,17
2024-01-07 07:00:00,zone_1,17
2024-01-07 08:00:00,zone_1,16
2024-01-07 09:00:00,zone_1,16
2024-01-07 10:00:00,zone_1,13
2024-01-07 11:00:00,zone_1,16
2024-01-07 12:00:00,zone_1,10
2024-01-07 13:00:00,zone_1,9
2024-01-07 14:00:00,zone_1,11
2024-01-07 15:00:00,zone_1,10
2024-01-07 16:00:00,zone_1,9
2024-01-07 17:00:00,zone_1,8
2024-01-07 18:00:00,zone_1,7
2024-01-07 19:00:00,zone_1,6
2024-01-07 20:00:00,zone_1,8
2024-01-07 21:00:00,zone_1,7
2024-01-07 22:00:00,zone_1,11
2024-01-07 23:00:00,zone_1,10
2024-01-01 00:00:00,zone_2,13
2024-01-01 01:00:00,zone_2,15
2024-01-01 02:00:00,zone_2,17
2024-01-01 03:00:00,zone_2,17
2024-01-01 04:00:00,zone_2,17
2024-01-01 05:00:00,zone_2,19
2024-01-01 06:00:00,zone_2,19
2024-01-01 07:00:00,zone_2,18
2024-01-01 08:00:00,zone_2,18
2024-01-01 09:00:00,zone_2,18
2024-01-01 10:00:00,zone_2,14
2024-01-01 11:00:00,zone_2,13
2024-01-01 12:00:00,zone_2,13
2024-01-01 13:00:00,zone_2,12
2024-01-01 14:00:00,zone_2,12
2024-01-01 15:00:00,zone_2,13
2024-01-01 16:00:00,zone_2,11
2024-01-01 17:00:00,zone_2,9
2024-01-01 18:00:00,zone_2,9
2024-01-01 19:00:00,zone_2,8
2024-01-01 20:00:00,zone_2,10
2024-01-01 21:00:00,zone_2,10
2024-01-01 22:00:00,zone_2,12
2024-01-01 23:00:00,zone_2,11
2024-01-02 00:00:00,zone_2,15
2024-01-02 01:00:00,zone_2,18
2024-01-02 02:00:00,zone_2,16
2024-01-02 03:00:00,zone_2,18
2024-01-02 04:00:00,zone_2,19
2024-01-02 05:00:00,zone_2,18
2024-01-02 06:00:00,zone_2,19
2024-01-02 07:00:00,zone_2,19
2024-01-02 08:00:00,zone_2,18
2024-01-02 09:00:00,zone_2,16
2024-01-02 10:00:00,zone_2,17
2024-01-02 11:00:00,zone_2,16
2024-01-02 12:00:00,zone_2,16
2024-01-02 13:00:00,zone_2,14
2024-01-02 14:00:00,zone_2,15
2024-01-02 15:00:00,zone_2,9
2024-01-02 16:00:00,zone_2,11
2024-01-02 17:00:00,zone_2,9
2024-01-02 18:00:00,zone_2,12
2024-01-02 19:00:00,zone_2,8
2024-01-02 20:00:00,zone_2,8
2024-01-02 21:00:00,zone_2,10
2024-01-02 22:00:00,zone_2,8
2024-01-02 23:00:00,zone_2,12
2024-01-03 00:00:00,zone_2,13
2024-01-03 01:00:00,zone_2,16
2024-01-03 02:00:00,zone_2,17
2024-01-03 03:00:00,zone_2,20
2024-01-03 04:00:00,zone_2,20
2024-01-03 05:00:00,zone_2,18
2024-01-03 06:00:00,zone_2,18
2024-01-03 07:00:00,zone_2,20
2024-01-03 08:00:00,zone_2,16
2024-01-03 09:00:00,zone_2,20
2024-01-03 10:00:00,zone_2,18
2024-01-03 11:00:00,zone_2,15
2024-01-03 12:00:00,zone_2,11
2024-01-03 13:00:00,zone_2,15
2024-01-03 14:00:00,zone_2,11
2024-01-03 15:00:00,zone_2,12
2024-01-03 16:00:00,zone_2,7
2024-01-03 17:00:00,zone_2,8
2024-01-03 18:00:00,zone_2,9
2024-01-03 19:00:00,zone_2,9
2024-01-03 20:00:00,zone_2,9
2024-01-03 21:00:00,zone_2,11
2024-01-03 22:00:00,zone_2,10
2024-01-03 23:00:00,zone_2,12
2024-01-04 00:00:00,zone_2,14
2024-01-04 01:00:00,zone_2,16
2024-01-04 02:00:00,zone_2,18
2024-01-04 03:00:00,zone_2,16
2024-01-04 04:00:00,zone_2,16
2024-01-04 05:00:00,zone_2,21
2024-01-04 06:00:00,zone_2,19
2024-01-04 07:00:00,zone_2,18
2024-01-04 08:00:00,zone_2,21
2024-01-04 09:00:00,zone_2,18
2024-01-04 10:00:00,zone_2,18
2024-01-04 11:00:00,zone_2,15
2024-01-04 12:00:00,zone_2,17
2024-01-04 13:00:00,zone_2,15
2024-01-04 14:00:00,zone_2,11
2024-01-04 15:00:00,zone_2,12
2024-01-04 16:00:00,zone_2,11
2024-01-04 17:00:00,zone_2,11
2024-01-04 18:00:00,zone_2,8
2024-01-04 19:00:00,zone_2,10
2024-01-04 20:00:00,zone_2,11
2024-01-04 21:00:00,zone_2,8
2024-01-04 22:00:00,zone_2,10
2024-01-04 23:00:00,zone_2,10
2024-01-05 00:00:00,zone_2,14
2024-01-05 01:00:00,zone_2,16
2024-01-05 02:00:00,zone_2,19
2024-01-05 03:00:00,zone_2,18
2024-01-05 04:00:00,zone_2,21
2024-01-05 05:00:00,zone_2,17
2024-01-05 06:00:00,zone_2,16
2024-01-05 07:00:00,zone_2,19
2024-01-05 08:00:00,zone_2,19
2024-01-05 09:00:00,zone_2,17
2024-01-05 10:00:00,zone_2,13
2024-01-05 11:00:00,zone_2,15
2024-01-05 12:00:00,zone_2,12
2024-01-05 13:00:00,zone_2,14
2024-01-05 14:00:00,zone_2,12
2024-01-05 15:00:00,zone_2,9
2024-01-05 16:00:00,zone_2,9
2024-01-05 17:00:00,zone_2,8
2024-01-05 18:00:00,zone_2,9
2024-01-05 19:00:00,zone_2,11
2024-01-05 20:00:00,zone_2,8
2024-01-05 21:00:00,zone_2,11
2024-01-05 22:00:00,zone_2,11
2024-01-05 23:00:00,zone_2,12
2024-01-06 00:00:00,zone_2,14
2024-01-06 01:00:00,zone_2,14
2024-01-06 02:00:00,zone_2,16
2024-01-06 03:00:00,zone_2,16
2024-01-06 04:00:00,zone_2,21
2024-01-06 05:00:00,zone_2,19
2024-01-06 06:00:00,zone_2,18
2024-01-06 07:00:00,zone_2,19
2024-01-06 08:00:00,zone_2,18
2024-01-06 09:00:00,zone_2,17
2024-01-06 10:00:00,zone_2,17
2024-01-06 11:00:00,zone_2,16
2024-01-06 12:00:00,zone_2,13
2024-01-06 13:00:00,zone_2,12
2024-01-06 14:00:00,zone_2,11
2024-01-06 15:00:00,zone_2,7
2024-01-06 16:00:00,zone_2,7
2024-01-06 17:00:00,zone_2,11
2024-01-06 18:00:00,zone_2,11
2024-01-06 19:00:00,zone_2,9
2024-01-06 20:00:00,zone_2,11
2024-01-06 21:00:00,zone_2,11
2024-01-06 22:00:00,zone_2,16
2024-01-06 23:00:00,zone_2,14
2024-01-07 00:00:00,zone_2,14
2024-01-07 01:00:00,zone_2,14
2024-01-07 02:00:00,zone_2,14
2024-01-07 03:00:00,zone_2,18
2024-01-07 04:00:00,zone_2,17
2024-01-07 05:00:00,zone_2,17
2024-01-07 06:00:00,zone_2,18
2024-01-07 07:00:00,zone_2,17
2024-01-07 08:00:00,zone_2,21
2024-01-07 09:00:00,zone_2,19
2024-01-07 10:00:00,zone_2,16
2024-01-07 11:00:00,zone_2,18
2024-01-07 12:00:00,zone_2,14
2024-01-07 13:00:00,zone_2,11
2024-01-07 14:00:00,zone_2,14
2024-01-07 15:00:00,zone_2,11
2024-01-07 16:00:00,zone_2,8
2024-01-07 17:00:00,zone_2,9
2024-01-07 18:00:00,zone_2,8
2024-01-07 19:00:00,zone_2,7
2024-01-07 20:00:00,zone_2,11
2024-01-07 21:00:00,zone_2,13
2024-01-07 22:00:00,zone_2,9
2024-01-07 23:00:00,zone_2,14
2024-01-01 00:00:00,zone_3,15
2024-01-01 01:00:00,zone_3,17
2024-01-01 02:00:00,zone_3,18
2024-01-01 03:00:00,zone_3,18
2024-01-01 04:00:00,zone_3,20
2024-01-01 05:00:00,zone_3,20
2024-01-01 06:00:00,zone_3,21
2024-01-01 07:00:00,zone_3,21
2024-01-01 08:00:00,zone_3,20
2024-01-01 09:00:00,zone_3,18
2024-01-01 10:00:00,zone_3,18
2024-01-01 11:00:00,zone_3,18
2024-01-01 12:00:00,zone_3,17
2024-01-01 13:00:00,zone_3,13
2024-01-01 14:00:00,zone_3,14
2024-01-01 15:00:00,zone_3,14
2024-01-01 16:00:00,zone_3,9
2024-01-01 17:00:00,zone_3,12
2024-01-01 18:00:00,zone_3,10
2024-01-01 19:00:00,zone_3,12
2024-01-01 20:00:00,zone_3,11
2024-01-01 21:00:00,zone_3,10
2024-01-01 22:00:00,zone_3,11
2024-01-01 23:00:00,zone_3,15
2024-01-02 00:00:00,zone_3,16
2024-01-02 01:00:00,zone_3,16
2024-01-02 02:00:00,zone_3,19
2024-01-02 03:00:00,zone_3,17
2024-01-02 04:00:00,zone_3,20
2024-01-02 05:00:00,zone_3,19
2024-01-02 06:00:00,zone_3,20
2024-01-02 07:00:00,zone_3,21
2024-01-02 08:00:00,zone_3,19
2024-01-02 09:00:00,zone_3,19
2024-01-02 10:00:00,zone_3,20
2024-01-02 11:00:00,zone_3,16
2024-01-02 12:00:00,zone_3,17
2024-01-02 13:00:00,zone_3,13
2024-01-02 14:00:00,zone_3,14
2024-01-02 15:00:00,zone_3,15
2024-01-02 16:00:00,zone_3,8
2024-01-02 17:00:00,zone_3,10
2024-01-02 18:00:00,zone_3,12
2024-01-02 19:00:00,zone_3,11
2024-01-02 20:00:00,zone_3,12
2024-01-02 21:00:00,zone_3,12
2024-01-02 22:00:00,zone_3,14
2024-01-02 23:00:00,zone_3,14
2024-01-03 00:00:00,zone_3,18
2024-01-03 01:00:00,zone_3,18
2024-01-03 02:00:00,zone_3,19
2024-01-03 03:00:00,zone_3,19
2024-01-03 04:00:00,zone_3,20
2024-01-03 05:00:00,zone_3,20
2024-01-03 06:00:00,zone_3,22
2024-01-03 07:00:00,zone_3,20
2024-01-03 08:00:00,zone_3,21
2024-01-03 09:00:00,zone_3,23
2024-01-03 10:00:00,zone_3,20
2024-01-03 11:00:00,zone_3,17
2024-01-03 12:00:00,zone_3,18
2024-01-03 13:00:00,zone_3,14
2024-01-03 14:00:00,zone_3,10
2024-01-03 15:00:00,zone_3,11
2024-01-03 16:00:00,zone_3,9
2024-01-03 17:00:00,zone_3,11
2024-01-03 18:00:00,zone_3,11
2024-01-03 19:00:00,zone_3,14
2024-01-03 20:00:00,zone_3,12
2024-01-03 21:00:00,zone_3,12
2024-01-03 22:00:00,zone_3,15
2024-01-03 23:00:00,zone_3,11
2024-01-04 00:00:00,zone_3,16
2024-01-04 01:00:00,zone_3,18
2024-01-04 02:00:00,zone_3,16
2024-01-04 03:00:00,zone_3,21
2024-01-04 04:00:00,zone_3,21
2024-01-04 05:00:00,zone_3,20
2024-01-04 06:00:00,zone_3,22
2024-01-04 07:00:00,zone_3,24
2024-01-04 08:00:00,zone_3,21
2024-01-04 09:00:00,zone_3,20
2024-01-04 10:00:00,zone_3,18
2024-01-04 11:00:00,zone_3,16
2024-01-04 12:00:00,zone_3,17
2024-01-04 13:00:00,zone_3,13
2024-01-04 14:00:00,zone_3,14
2024-01-04 15:00:00,zone_3,12
2024-01-04 16:00:00,zone_3,12
2024-01-04 17:00:00,zone_3,12
2024-01-04 18:00:00,zone_3,13
2024-01-04 19:00:00,zone_3,10
2024-01-04 20:00:00,zone_3,11
2024-01-04 21:00:00,zone_3,11
2024-01-04 22:00:00,zone_3,13
2024-01-04 23:00:00,zone_3,15
2024-01-05 00:00:00,zone_3,17
2024-01-05 01:00:00,zone_3,16
2024-01-05 02:00:00,zone_3,20
2024-01-05 03:00:00,zone_3,22
2024-01-05 04:00:00,zone_3,21
2024-01-05 05:00:00,zone_3,24
2024-01-05 06:00:00,zone_3,20
2024-01-05 07:00:00,zone_3,19
2024-01-05 08:00:00,zone_3,18
2024-01-05 09:00:00,zone_3,22
2024-01-05 10:00:00,zone_3,19
2024-01-05 11:00:00,zone_3,17
2024-01-05 12:00:00,zone_3,16
2024-01-05 13:00:00,zone_3,13
2024-01-05 14:00:00,zone_3,17
2024-01-05 15:00:00,zone_3,13
2024-01-05 16:00:00,zone_3,12
2024-01-05 17:00:00,zone_3,12
2024-01-05 18:00:00,zone_3,12
2024-01-05 19:00:00,zone_3,12
2024-01-05 20:00:00,zone_3,10
2024-01-05 21:00:00,zone_3,13
2024-01-05 22:00:00,zone_3,16
2024-01-05 23:00:00,zone_3,17
2024-01-06 00:00:00,zone_3,18
2024-01-06 01:00:00,zone_3,17
2024-01-06 02:00:00,zone_3,17
2024-01-06 03:00:00,zone_3,19
2024-01-06 04:00:00,zone_3,20
2024-01-06 05:00:00,zone_3,22
2024-01-06 06:00:00,zone_3,18
2024-01-06 07:00:00,zone_3,23
2024-01-06 08:00:00,zone_3,20
2024-01-06 09:00:00,zone_3,19
2024-01-06 10:00:00,zone_3,17
2024-01-06 11:00:00,zone_3,15
2024-01-06 12:00:00,zone_3,17
2024-01-06 13:00:00,zone_3,15
2024-01-06 14:00:00,zone_3,12
2024-01-06 15:00:00,zone_3,11
2024-01-06 16:00:00,zone_3,11
2024-01-06 17:00:00,zone_3,14
2024-01-06 18:00:00,zone_3,11
2024-01-06 19:00:00,zone_3,9
2024-01-06 20:00:00,zone_3,11
2024-01-06 21:00:00,zone_3,12
2024-01-06 22:00:00,zone_3,9
2024-01-06 23:00:00,zone_3,15
2024-01-07 00:00:00,zone_3,16
2024-01-07 01:00:00,zone_3,18
2024-01-07 02:00:00,zone_3,21
2024-01-07 03:00:00,zone_3,21
2024-01-07 04:00:00,zone_3,20
2024-01-07 05:00:00,zone_3,19
2024-01-07 06:00:00,zone_3,25
2024-01-07 07:00:00,zone_3,21
2024-01-07 08:00:00,zone_3,20
2024-01-07 09:00:00,zone_3,19
2024-01-07 10:00:00,zone_3,19
2024-01-07 11:00:00,zone_3,17
2024-01-07 12:00:00,zone_3,15
2024-01-07 13:00:00,zone_3,14
2024-01-07 14:00:00,zone_3,13
2024-01-07 15:00:00,zone_3,12
2024-01-07 16:00:00,zone_3,11
2024-01-07 17:00:00,zone_3,11
2024-01-07 18:00:00,zone_3,11
2024-01-07 19:00:00,zone_3,13
2024-01-07 20:00:00,zone_3,8
2024-01-07 21:00:00,zone_3,14
2024-01-07 22:00:00,zone_3,15
2024-01-07 23:00:00,zone_3,12
2024-01-01 00:00:00,zone_4,17
2024-01-01 01:00:00,zone_4,19
2024-01-01 02:00:00,zone_4,18
2024-01-01 03:00:00,zone_4,20
2024-01-01 04:00:00,zone_4,21
2024-01-01 05:00:00,zone_4,25
2024-01-01 06:00:00,zone_4,24
2024-01-01 07:00:00,zone_4,25
2024-01-01 08:00:00,zone_4,23
2024-01-01 09:00:00,zone_4,20
2024-01-01 10:00:00,zone_4,20
2024-01-01 11:00:00,zone_4,20
2024-01-01 12:00:00,zone_4,16
2024-01-01 13:00:00,zone_4,18
2024-01-01 14:00:00,zone_4,15
2024-01-01 15:00:00,zone_4,14
2024-01-01 16:00:00,zone_4,15
2024-01-01 17:00:00,zone_4,14
2024-01-01 18:00:00,zone_4,12
2024-01-01 19:00:00,zone_4,15
2024-01-01 20:00:00,zone_4,12
2024-01-01 21:00:00,zone_4,15
2024-01-01 22:00:00,zone_4,16
2024-01-01 23:00:00,zone_4,16
2024-01-02 00:00:00,zone_4,18
2024-01-02 01:00:00,zone_4,17
2024-01-02 02:00:00,zone_4,22
2024-01-02 03:00:00,zone_4,21
2024-01-02 04:00:00,zone_4,22
2024-01-02 05:00:00,zone_4,24
2024-01-02 06:00:00,zone_4,22
2024-01-02 07:00:00,zone_4,21
2024-01-02 08:00:00,zone_4,20
2024-01-02 09:00:00,zone_4,22
2024-01-02 10:00:00,zone_4,19
2024-01-02 11:00:00,zone_4,22
2024-01-02 12:00:00,zone_4,15
2024-01-02 13:00:00,zone_4,19
2024-01-02 14:00:00,zone_4,16
2024-01-02 15:00:00,zone_4,14
2024-01-02 16:00:00,zone_4,13
2024-01-02 17:00:00,zone_4,14
2024-01-02 18:00:00,zone_4,13
2024-01-02 19:00:00,zone_4,15
2024-01-02 20:00:00,zone_4,14
2024-01-02 21:00:00,zone_4,15
2024-01-02 22:00:00,zone_4,15
2024-01-02 23:00:00,zone_4,17
2024-01-03 00:00:00,zone_4,18
2024-01-03 01:00:00,zone_4,17
2024-01-03 02:00:00,zone_4,18
2024-01-03 03:00:00,zone_4,23
2024-01-03 04:00:00,zone_4,23
2024-01-03 05:00:00,zone_4,23
2024-01-03 06:00:00,zone_4,23
2024-01-03 07:00:00,zone_4,23
2024-01-03 08:00:00,zone_4,22
2024-01-03 09:00:00,zone_4,20
2024-01-03 10:00:00,zone_4,21
2024-01-03 11:00:00,zone_4,18
2024-01-03 12:00:00,zone_4,19
2024-01-03 13:00:00,zone_4,14
2024-01-03 14:00:00,zone_4,17
2024-01-03 15:00:00,zone_4,15
2024-01-03 16:00:00,zone_4,14
2024-01-03 17:00:00,zone_4,15
2024-01-03 18:00:00,zone_4,15
2024-01-03 19:00:00,zone_4,15
2024-01-03 20:00:00,zone_4,11
2024-01-03 21:00:00,zone_4,13
2024-01-03 22:00:00,zone_4,15
2024-01-03 23:00:00,zone_4,17
2024-01-04 00:00:00,zone_4,19
2024-01-04 01:00:00,zone_4,18
2024-01-04 02:00:00,zone_4,21
2024-01-04 03:00:00,zone_4,20
2024-01-04 04:00:00,zone_4,21
2024-01-04 05:00:00,zone_4,21
2024-01-04 06:00:00,zone_4,22
2024-01-04 07:00:00,zone_4,21
2024-01-04 08:00:00,zone_4,21
2024-01-04 09:00:00,zone_4,23
2024-01-04 10:00:00,zone_4,19
2024-01-04 11:00:00,zone_4,23
2024-01-04 12:00:00,zone_4,19
2024-01-04 13:00:00,zone_4,17
2024-01-04 14:00:00,zone_4,14
2024-01-04 15:00:00,zone_4,16
2024-01-04 16:00:00,zone_4,13
2024-01-04 17:00:00,zone_4,13
2024-01-04 18:00:00,zone_4,17
2024-01-04 19:00:00,zone_4,13
2024-01-04 20:00:00,zone_4,15
2024-01-04 21:00:00,zone_4,13
2024-01-04 22:00:00,zone_4,15
2024-01-04 23:00:00,zone_4,19
2024-01-05 00:00:00,zone_4,17
2024-01-05 01:00:00,zone_4,22
2024-01-05 02:00:00,zone_4,22
2024-01-05 03:00:00,zone_4,21
2024-01-05 04:00:00,zone_4,23
2024-01-05 05:00:00,zone_4,24
2024-01-05 06:00:00,zone_4,24
2024-01-05 07:00:00,zone_4,20
2024-01-05 08:00:00,zone_4,21
2024-01-05 09:00:00,zone_4,21
2024-01-05 10:00:00,zone_4,20
2024-01-05 11:00:00,zone_4,20
2024-01-05 12:00:00,zone_4,18
2024-01-05 13:00:00,zone_4,15
2024-01-05 14:00:00,zone_4,16
2024-01-05 15:00:00,zone_4,15
2024-01-05 16:00:00,zone_4,15
2024-01-05 17:00:00,zone_4,15
2024-01-05 18:00:00,zone_4,14
2024-01-05 19:00:00,zone_4,14
2024-01-05 20:00:00,zone_4,14
2024-01-05 21:00:00,zone_4,12
2024-01-05 22:00:00,zone_4,16
2024-01-05 23:00:00,zone_4,17
2024-01-06 00:00:00,zone_4,18
2024-01-06 01:00:00,zone_4,17
2024-01-06 02:00:00,zone_4,19
2024-01-06 03:00:00,zone_4,23
2024-01-06 04:00:00,zone_4,22
2024-01-06 05:00:00,zone_4,24
2024-01-06 06:00:00,zone_4,23
2024-01-06 07:00:00,zone_4,23
2024-01-06 08:00:00,zone_4,24
2024-01-06 09:00:00,zone_4,21
2024-01-06 10:00:00,zone_4,21
2024-01-06 11:00:00,zone_4,19
2024-01-06 12:00:00,zone_4,17
2024-01-06 13:00:00,zone_4,16
2024-01-06 14:00:00,zone_4,16
2024-01-06 15:00:00,zone_4,14
2024-01-06 16:00:00,zone_4,16
2024-01-06 17:00:00,zone_4,12
2024-01-06 18:00:00,zone_4,13
2024-01-06 19:00:00,zone_4,13
2024-01-06 20:00:00,zone_4,16
2024-01-06 21:00:00,zone_4,15
2024-01-06 22:00:00,zone_4,17
2024-01-06 23:00:00,zone_4,14
2024-01-07 00:00:00,zone_4,18
2024-01-07 01:00:00,zone_4,21
2024-01-07 02:00:00,zone_4,21
2024-01-07 03:00:00,zone_4,23
2024-01-07 04:00:00,zone_4,22
2024-01-07 05:00:00,zone_4,25
2024-01-07 06:00:00,zone_4,26
2024-01-07 07:00:00,zone_4,22
2024-01-07 08:00:00,zone_4,22
2024-01-07 09:00:00,zone_4,24
2024-01-07 10:00:00,zone_4,23
2024-01-07 11:00:00,zone_4,19
2024-01-07 12:00:00,zone_4,17
2024-01-07 13:00:00,zone_4,16
2024-01-07 14:00:00,zone_4,13
2024-01-07 15:00:00,zone_4,13
2024-01-07 16:00:00,zone_4,12
2024-01-07 17:00:00,zone_4,12
2024-01-07 18:00:00,zone_4,13
2024-01-07 19:00:00,zone_4,14
2024-01-07 20:00:00,zone_4,16
2024-01-07 21:00:00,zone_4,13
2024-01-07 22:00:00,zone_4,17
2024-01-07 23:00:00,zone_4,16
